Time [s],SDA,SCL
-0.005000000,1,1
-0.000000000,0,1
0.000004120,0,0
0.000071200,0,1
0.000075440,0,0
0.000081520,0,1
0.000085760,0,0
0.000091840,0,1
0.000096040,0,0
0.000096440,1,0
0.000102120,1,1
0.000106360,1,0
0.000106680,0,0
0.000112440,0,1
0.000116640,0,0
0.000122720,0,1
0.000126960,0,0
0.000133040,0,1
0.000137240,0,0
0.000143320,0,1
0.000147560,0,0
0.000147960,1,0
0.000148200,0,0
0.000153640,0,1
0.000157840,0,0
0.000163920,0,1
0.000168280,1,1
0.000198240,0,1
0.000202360,0,0
0.000208400,0,1
0.000212640,0,0
0.000218720,0,1
0.000222920,0,0
0.000229000,0,1
0.000233240,0,0
0.000233640,1,0
0.000239320,1,1
0.000243520,1,0
0.000243840,0,0
0.000249600,0,1
0.000253840,0,0
0.000259920,0,1
0.000264120,0,0
0.000270200,0,1
0.000274440,0,0
0.000280520,0,1
0.000284720,0,0
0.000285120,1,0
0.000285720,0,0
0.000290800,0,1
0.000295040,0,0
0.000295720,1,0
0.000301960,0,0
0.000302280,0,1
0.000306520,0,0
0.000312600,0,1
0.000316800,0,0
0.000317200,1,0
0.000322880,1,1
0.000327080,1,0
0.000333160,1,1
0.000337400,1,0
0.000343480,1,1
0.000347680,1,0
0.000353760,1,1
0.000358000,1,0
0.000364080,1,1
0.000368280,1,0
0.000368600,0,0
0.000374360,0,1
0.000378600,0,0
0.000392640,1,0
0.000413040,0,0
0.000413440,0,1
0.000417640,0,0
0.000418600,1,0
0.000421360,0,0
0.000423720,0,1
0.000427960,0,0
0.000434040,0,1
0.000438240,0,0
0.000444320,0,1
0.000448560,0,0
0.000454640,0,1
0.000458840,0,0
0.000464920,0,1
0.000469160,0,0
0.000475240,0,1
0.000479440,0,0
0.000485520,0,1
0.000489760,0,0
0.000490160,1,0
0.000495840,1,1
0.000500040,1,0
0.000530360,0,0
0.000530880,0,1
0.000535120,0,0
0.000541200,0,1
0.000545560,1,1
0.001797720,0,1
0.001801840,0,0
0.001889680,0,1
0.001893880,0,0
0.001899960,0,1
0.001904160,0,0
0.001910240,0,1
0.001914480,0,0
0.001914880,1,0
0.001920560,1,1
0.001924760,1,0
0.001925080,0,0
0.001930840,0,1
0.001935080,0,0
0.001941120,0,1
0.001945360,0,0
0.001951440,0,1
0.001955640,0,0
0.001961720,0,1
0.001965960,0,0
0.001966360,1,0
0.001966840,0,0
0.001972000,0,1
0.001976240,0,0
0.001977280,1,0
0.001984840,0,0
0.001985200,0,1
0.001989400,0,0
0.001989800,1,0
0.001995480,1,1
0.001999680,1,0
0.002000000,0,0
0.002005760,0,1
0.002010000,0,0
0.002016080,0,1
0.002020280,0,0
0.002026360,0,1
0.002030560,0,0
0.002036640,0,1
0.002040880,0,0
0.002046960,0,1
0.002051160,0,0
0.002057240,0,1
0.002061480,0,0
0.002061880,1,0
0.002095920,0,0
0.002096320,0,1
0.002100520,0,0
0.002101480,1,0
0.002111520,1,1
0.002117680,0,1
0.002121800,0,0
0.002127880,0,1
0.002132120,0,0
0.002138200,0,1
0.002142400,0,0
0.002148480,0,1
0.002152680,0,0
0.002153080,1,0
0.002158760,1,1
0.002163000,1,0
0.002163320,0,0
0.002169080,0,1
0.002173280,0,0
0.002179360,0,1
0.002183600,0,0
0.002189680,0,1
0.002193880,0,0
0.002194280,1,0
0.002199960,1,1
0.002204200,1,0
0.002204920,0,0
0.002210280,0,1
0.002214480,0,0
0.002215360,1,0
0.002262280,0,0
0.002262680,0,1
0.002266920,0,0
0.002273000,0,1
0.002277200,0,0
0.002283280,0,1
0.002287520,0,0
0.002293600,0,1
0.002297800,0,0
0.002303880,0,1
0.002308120,0,0
0.002314200,0,1
0.002318400,0,0
0.002324480,0,1
0.002328680,0,0
0.002334760,0,1
0.002339000,0,0
0.002345080,0,1
0.002349280,0,0
0.002349680,1,0
0.002857240,1,1
0.002861480,1,0
0.002862080,0,0
0.002867560,0,1
0.002871760,0,0
0.002872560,1,0
0.002877840,1,1
0.002882080,1,0
0.002882800,0,0
0.002888160,0,1
0.002892360,0,0
0.002898440,0,1
0.002902680,0,0
0.002908760,0,1
0.002912960,0,0
0.002913960,1,0
0.002919040,1,1
0.002923280,1,0
0.002929360,1,1
0.002933560,1,0
0.002939640,1,1
0.002943880,1,0
0.002944160,0,0
0.002973960,0,1
0.002978360,1,1
1.000000040,1,1
